{"location_code":{"0":"ARM","1":"AUS","2":"AUT","3":"BHR","4":"BLR","5":"BEL","6":"BRA","7":"CAN","8":"CHN","9":"COL","10":"HRV","11":"CZE","12":"DNK","13":"EST","14":"FIN","15":"FRA","16":"HKG","17":"HUN","18":"ISL","19":"IND","20":"IRL","21":"ISR","22":"ITA","23":"JPN","24":"KWT","25":"KGZ","26":"LVA","27":"LTU","28":"MYS","29":"MLT","30":"NLD","31":"NZL","32":"NOR","33":"PAK","34":"PSE","35":"PAN","36":"PHL","37":"POL","38":"ROU","39":"RUS","40":"SVK","41":"SVN","42":"ZAF","43":"KOR","44":"SWE","45":"CHE","46":"TWN","47":"THA","48":"UKR","49":"ARE","50":"GBR","51":"USA","52":"VNM"},"location_pop":{"0":2968000,"1":21515754,"2":8205000,"3":738004,"4":9685000,"5":10403000,"6":201103330,"7":33679000,"8":1330044000,"9":47790000,"10":4284889,"11":10476000,"12":5484000,"13":1291170,"14":5244000,"15":64768389,"16":6898686,"17":9982000,"18":308910,"19":1173108018,"20":4622917,"21":7353985,"22":60340328,"23":127288000,"24":2789132,"25":5776500,"26":2217969,"27":2944459,"28":28274729,"29":403000,"30":16645000,"31":4252277,"32":5009150,"33":184404791,"34":3800000,"35":3410676,"36":99900177,"37":38500000,"38":21959278,"39":140702000,"40":5455000,"41":2007000,"42":49000000,"43":48422644,"44":9828655,"45":8484100,"46":22894384,"47":67089500,"48":45415596,"49":4975593,"50":62348447,"51":310232863,"52":89571130},"tests":{"0":694,"1":31635,"2":10278,"3":13553,"4":16000,"5":4225,"6":2927,"7":38482,"8":320000,"9":2571,"10":1159,"11":6302,"12":7620,"13":1387,"14":900,"15":11071,"16":5271,"17":1587,"18":2278,"19":5900,"20":1784,"21":3872,"22":148657,"23":16484,"24":120000,"25":1545,"26":1147,"27":742,"28":9799,"29":889,"30":6000,"31":584,"32":18062,"33":531,"34":2519,"35":756,"36":1030,"37":7899,"38":3708,"39":116061,"40":1595,"41":6712,"42":645,"43":286716,"44":14300,"45":4000,"46":18812,"47":7084,"48":500,"49":125000,"50":50442,"51":62657,"52":9696},"tests_per_million":{"0":233.8274932615,"1":1470.3179818843,"2":1252.6508226691,"3":18364.3991089479,"4":1652.0392359319,"5":406.1328462943,"6":14.5547067769,"7":1142.611122658,"8":240.5935442737,"9":53.7978656623,"10":270.485419809,"11":601.5654830088,"12":1389.4967177243,"13":1074.2195063392,"14":171.6247139588,"15":170.93215025,"16":764.0585468015,"17":158.9861751152,"18":7374.3161438607,"19":5.0293748823,"20":385.9035323368,"21":526.5172556104,"22":2463.6425575943,"23":129.5016026648,"24":43024.1379755422,"25":267.4629966243,"26":517.1397796813,"27":251.9987542703,"28":346.5638874912,"29":2205.9553349876,"30":360.4686091919,"31":137.3381837543,"32":3605.8013834683,"33":2.8795347297,"34":662.8947368421,"35":221.6569383899,"36":10.3102920428,"37":205.1688311688,"38":168.8580107233,"39":824.8710039658,"40":292.3923006416,"41":3344.2949676134,"42":13.1632653061,"43":5921.1140969502,"44":1454.929489335,"45":471.4701618321,"46":821.686226631,"47":105.5902935631,"48":11.0094338518,"49":25122.6336237711,"50":809.033783953,"51":201.9676426092,"52":108.2491646583}}