{"location_code":{"0":"ARM","1":"AUS","2":"AUT","3":"BHR","4":"BLR","5":"BEL","6":"BRA","7":"CAN","8":"COL","9":"CRI","10":"HRV","11":"CZE","12":"DNK","13":"FRO","14":"EST","15":"FIN","16":"FRA","17":"DEU","18":"HKG","19":"HUN","20":"ISL","21":"IND","22":"IDN","23":"IRN","24":"IRL","25":"ISR","26":"ITA","27":"JPN","28":"KWT","29":"KGZ","30":"LVA","31":"LTU","32":"MYS","33":"MLT","34":"MEX","35":"NLD","36":"NZL","37":"NOR","38":"PAK","39":"PSE","40":"PAN","41":"PHL","42":"POL","43":"QAT","44":"ROU","45":"RUS","46":"SVK","47":"SVN","48":"ZAF","49":"KOR","50":"ESP","51":"SWE","52":"CHE","53":"TWN","54":"THA","55":"TUR","56":"UKR","57":"ARE","58":"GBR","59":"USA","60":"VNM"},"location_pop":{"0":2968000,"1":21515754,"2":8205000,"3":738004,"4":9685000,"5":10403000,"6":201103330,"7":33679000,"8":47790000,"9":4516220,"10":4284889,"11":10476000,"12":5484000,"13":48228,"14":1291170,"15":5244000,"16":64768389,"17":81802257,"18":6898686,"19":9982000,"20":308910,"21":1173108018,"22":242968342,"23":76923300,"24":4622917,"25":7353985,"26":60340328,"27":127288000,"28":2789132,"29":5776500,"30":2217969,"31":2944459,"32":28274729,"33":403000,"34":112468855,"35":16645000,"36":4252277,"37":5009150,"38":184404791,"39":3800000,"40":3410676,"41":99900177,"42":38500000,"43":840926,"44":21959278,"45":140702000,"46":5455000,"47":2007000,"48":49000000,"49":48422644,"50":46505963,"51":9828655,"52":8484100,"53":22894384,"54":67089500,"55":77804122,"56":45415596,"57":4975593,"58":62348447,"59":310232863,"60":89571130},"tests":{"0":813,"1":113615,"2":15613,"3":18645,"4":16000,"5":18360,"6":2927,"7":113121,"8":4103,"9":1039,"10":1264,"11":11619,"12":10730,"13":1641,"14":2504,"15":3000,"16":36747,"17":167000,"18":5271,"19":3007,"20":9189,"21":14514,"22":2028,"23":80000,"24":6600,"25":10864,"26":206886,"27":14901,"28":-1,"29":1545,"30":3205,"31":1154,"32":13876,"33":889,"34":278,"35":6000,"36":584,"37":43735,"38":1979,"39":2519,"40":1455,"41":1269,"42":13072,"43":8400,"44":8284,"45":143519,"46":2707,"47":9860,"48":6438,"49":316664,"50":30000,"51":14300,"52":4000,"53":21376,"54":7084,"55":2900,"56":316,"57":125000,"58":64621,"59":103945,"60":15637},"tests_per_million":{"0":273.9218328841,"1":5280.549312843,"2":1902.8641072517,"3":25264.0907095355,"4":1652.0392359319,"5":1764.8755166779,"6":14.5547067769,"7":3358.7992517593,"8":85.854781335,"9":230.0596516556,"10":294.990138601,"11":1109.1065292096,"12":1956.6010211524,"13":34025.8770838517,"14":1939.3263474213,"15":572.0823798627,"16":567.3601052513,"17":2041.5084635134,"18":764.0585468015,"19":301.2422360248,"20":29746.5281149849,"21":12.3722622106,"22":8.3467664277,"23":1039.9969840087,"24":1427.6700187349,"25":1477.2942833035,"26":3428.6522274125,"27":117.0652378857,"28":-0.3585344831,"29":267.4629966243,"30":1445.0156877756,"31":391.9225908732,"32":490.7562509264,"33":2205.9553349876,"34":2.4717954139,"35":360.4686091919,"36":137.3381837543,"37":8731.0222293203,"38":10.7318252919,"39":662.8947368421,"40":426.6016472981,"41":12.7026801965,"42":339.5324675325,"43":9988.988329532,"44":377.2437326947,"45":1020.0210373698,"46":496.241979835,"47":4912.8051818635,"48":131.387755102,"49":6539.5850751149,"50":645.0785676667,"51":1454.929489335,"52":471.4701618321,"53":933.6787572009,"54":105.5902935631,"55":37.2730894643,"56":6.9579621943,"57":25122.6336237711,"58":1036.4492318469,"59":335.0547681984,"60":174.5763394969}}